nome,usuario,senha
Adm 1,Usuario 1,1
Adm 2,Usuario 2,2
Adm 3,Usuario 3,3
Adm 4,Usuario 4,4
Adm 5,Usuario 5,5
Adm 6,Usuario 6,6
Adm 7,Usuario 7,7
Adm 8,Usuario 8,8
Adm 9,Usuario 9,9
Adm 10,Usuario 10,10
Adm 11,Usuario 11,11
Adm 12,Usuario 12,12
Adm 13,Usuario 13,13
Adm 14,Usuario 14,14
Adm 15,Usuario 15,15
Adm 16,Usuario 16,16
Adm 17,Usuario 17,17
Adm 18,Usuario 18,18
Adm 19,Usuario 19,19
Adm 20,Usuario 20,20
Adm 21,Usuario 21,21
Adm 22,Usuario 22,22
Adm 23,Usuario 23,23
Adm 24,Usuario 24,24
Adm 25,Usuario 25,25
Adm 26,Usuario 26,26
Adm 27,Usuario 27,27
Adm 28,Usuario 28,28
Adm 29,Usuario 29,29
Adm 30,Usuario 30,30
Adm 31,Usuario 31,31
Adm 32,Usuario 32,32
Adm 33,Usuario 33,33
Adm 34,Usuario 34,34
Adm 35,Usuario 35,35
Adm 36,Usuario 36,36
Adm 37,Usuario 37,37
Adm 38,Usuario 38,38
Adm 39,Usuario 39,39
Adm 40,Usuario 40,40
Adm 41,Usuario 41,41
Adm 42,Usuario 42,42
Adm 43,Usuario 43,43
Adm 44,Usuario 44,44
Adm 45,Usuario 45,45
Adm 46,Usuario 46,46
Adm 47,Usuario 47,47
Adm 48,Usuario 48,48
Adm 49,Usuario 49,49
Adm 50,Usuario 50,50
Adm 51,Usuario 51,51
Adm 52,Usuario 52,52
Adm 53,Usuario 53,53
Adm 54,Usuario 54,54
Adm 55,Usuario 55,55
Adm 56,Usuario 56,56
Adm 57,Usuario 57,57
Adm 58,Usuario 58,58
Adm 59,Usuario 59,59
Adm 60,Usuario 60,60
Adm 61,Usuario 61,61
Adm 62,Usuario 62,62
Adm 63,Usuario 63,63
Adm 64,Usuario 64,64
Adm 65,Usuario 65,65
Adm 66,Usuario 66,66
Adm 67,Usuario 67,67
Adm 68,Usuario 68,68
Adm 69,Usuario 69,69
Adm 70,Usuario 70,70
Adm 71,Usuario 71,71
Adm 72,Usuario 72,72
Adm 73,Usuario 73,73
Adm 74,Usuario 74,74
Adm 75,Usuario 75,75
Adm 76,Usuario 76,76
Adm 77,Usuario 77,77
Adm 78,Usuario 78,78
Adm 79,Usuario 79,79
Adm 80,Usuario 80,80
Adm 81,Usuario 81,81
Adm 82,Usuario 82,82
Adm 83,Usuario 83,83
Adm 84,Usuario 84,84
Adm 85,Usuario 85,85
Adm 86,Usuario 86,86
Adm 87,Usuario 87,87
Adm 88,Usuario 88,88
Adm 89,Usuario 89,89
Adm 90,Usuario 90,90
Adm 91,Usuario 91,91
Adm 92,Usuario 92,92
Adm 93,Usuario 93,93
Adm 94,Usuario 94,94
Adm 95,Usuario 95,95
Adm 96,Usuario 96,96
Adm 97,Usuario 97,97
Adm 98,Usuario 98,98
Adm 99,Usuario 99,99
Adm 100,Usuario 100,100
Adm 101,Usuario 101,101
Adm 102,Usuario 102,102
Adm 103,Usuario 103,103
Adm 104,Usuario 104,104
Adm 105,Usuario 105,105
Adm 106,Usuario 106,106
Adm 107,Usuario 107,107
Adm 108,Usuario 108,108
Adm 109,Usuario 109,109
Adm 110,Usuario 110,110
Adm 111,Usuario 111,111
Adm 112,Usuario 112,112
Adm 113,Usuario 113,113
Adm 114,Usuario 114,114
Adm 115,Usuario 115,115
Adm 116,Usuario 116,116
Adm 117,Usuario 117,117
Adm 118,Usuario 118,118
Adm 119,Usuario 119,119
Adm 120,Usuario 120,120
Adm 121,Usuario 121,121
Adm 122,Usuario 122,122
Adm 123,Usuario 123,123
Adm 124,Usuario 124,124
Adm 125,Usuario 125,125
Adm 126,Usuario 126,126
Adm 127,Usuario 127,127
Adm 128,Usuario 128,128
Adm 129,Usuario 129,129
Adm 130,Usuario 130,130
Adm 131,Usuario 131,131
Adm 132,Usuario 132,132
Adm 133,Usuario 133,133
Adm 134,Usuario 134,134
Adm 135,Usuario 135,135
Adm 136,Usuario 136,136
Adm 137,Usuario 137,137
Adm 138,Usuario 138,138
Adm 139,Usuario 139,139
Adm 140,Usuario 140,140
Adm 141,Usuario 141,141
Adm 142,Usuario 142,142
Adm 143,Usuario 143,143
Adm 144,Usuario 144,144
Adm 145,Usuario 145,145
Adm 146,Usuario 146,146
Adm 147,Usuario 147,147
Adm 148,Usuario 148,148
Adm 149,Usuario 149,149
Adm 150,Usuario 150,150
Adm 151,Usuario 151,151
Adm 152,Usuario 152,152
Adm 153,Usuario 153,153
Adm 154,Usuario 154,154
Adm 155,Usuario 155,155
Adm 156,Usuario 156,156
Adm 157,Usuario 157,157
Adm 158,Usuario 158,158
Adm 159,Usuario 159,159
Adm 160,Usuario 160,160
Adm 161,Usuario 161,161
Adm 162,Usuario 162,162
Adm 163,Usuario 163,163
Adm 164,Usuario 164,164
Adm 165,Usuario 165,165
Adm 166,Usuario 166,166
Adm 167,Usuario 167,167
Adm 168,Usuario 168,168
Adm 169,Usuario 169,169
Adm 170,Usuario 170,170
Adm 171,Usuario 171,171
Adm 172,Usuario 172,172
Adm 173,Usuario 173,173
Adm 174,Usuario 174,174
Adm 175,Usuario 175,175
Adm 176,Usuario 176,176
Adm 177,Usuario 177,177
Adm 178,Usuario 178,178
Adm 179,Usuario 179,179
Adm 180,Usuario 180,180
Adm 181,Usuario 181,181
Adm 182,Usuario 182,182
Adm 183,Usuario 183,183
Adm 184,Usuario 184,184
Adm 185,Usuario 185,185
Adm 186,Usuario 186,186
Adm 187,Usuario 187,187
Adm 188,Usuario 188,188
Adm 189,Usuario 189,189
Adm 190,Usuario 190,190
Adm 191,Usuario 191,191
Adm 192,Usuario 192,192
Adm 193,Usuario 193,193
Adm 194,Usuario 194,194
Adm 195,Usuario 195,195
Adm 196,Usuario 196,196
Adm 197,Usuario 197,197
Adm 198,Usuario 198,198
Adm 199,Usuario 199,199
Adm 200,Usuario 200,200
Adm 201,Usuario 201,201
Adm 202,Usuario 202,202
Adm 203,Usuario 203,203
Adm 204,Usuario 204,204
Adm 205,Usuario 205,205
Adm 206,Usuario 206,206
Adm 207,Usuario 207,207
Adm 208,Usuario 208,208
Adm 209,Usuario 209,209
Adm 210,Usuario 210,210
Adm 211,Usuario 211,211
Adm 212,Usuario 212,212
Adm 213,Usuario 213,213
Adm 214,Usuario 214,214
Adm 215,Usuario 215,215
Adm 216,Usuario 216,216
Adm 217,Usuario 217,217
Adm 218,Usuario 218,218
Adm 219,Usuario 219,219
Adm 220,Usuario 220,220
Adm 221,Usuario 221,221
Adm 222,Usuario 222,222
Adm 223,Usuario 223,223
Adm 224,Usuario 224,224
Adm 225,Usuario 225,225
Adm 226,Usuario 226,226
Adm 227,Usuario 227,227
Adm 228,Usuario 228,228
Adm 229,Usuario 229,229
Adm 230,Usuario 230,230
Adm 231,Usuario 231,231
Adm 232,Usuario 232,232
Adm 233,Usuario 233,233
Adm 234,Usuario 234,234
Adm 235,Usuario 235,235
Adm 236,Usuario 236,236
Adm 237,Usuario 237,237
Adm 238,Usuario 238,238
Adm 239,Usuario 239,239
Adm 240,Usuario 240,240
Adm 241,Usuario 241,241
Adm 242,Usuario 242,242
Adm 243,Usuario 243,243
Adm 244,Usuario 244,244
Adm 245,Usuario 245,245
Adm 246,Usuario 246,246
Adm 247,Usuario 247,247
Adm 248,Usuario 248,248
Adm 249,Usuario 249,249
Adm 250,Usuario 250,250
Adm 251,Usuario 251,251
Adm 252,Usuario 252,252
Adm 253,Usuario 253,253
Adm 254,Usuario 254,254
Adm 255,Usuario 255,255
Adm 256,Usuario 256,256
Adm 257,Usuario 257,257
Adm 258,Usuario 258,258
Adm 259,Usuario 259,259
Adm 260,Usuario 260,260
Adm 261,Usuario 261,261
Adm 262,Usuario 262,262
Adm 263,Usuario 263,263
Adm 264,Usuario 264,264
Adm 265,Usuario 265,265
Adm 266,Usuario 266,266
Adm 267,Usuario 267,267
Adm 268,Usuario 268,268
Adm 269,Usuario 269,269
Adm 270,Usuario 270,270
Adm 271,Usuario 271,271
Adm 272,Usuario 272,272
Adm 273,Usuario 273,273
Adm 274,Usuario 274,274
Adm 275,Usuario 275,275
Adm 276,Usuario 276,276
Adm 277,Usuario 277,277
Adm 278,Usuario 278,278
Adm 279,Usuario 279,279
Adm 280,Usuario 280,280
Adm 281,Usuario 281,281
Adm 282,Usuario 282,282
Adm 283,Usuario 283,283
Adm 284,Usuario 284,284
Adm 285,Usuario 285,285
Adm 286,Usuario 286,286
Adm 287,Usuario 287,287
Adm 288,Usuario 288,288
Adm 289,Usuario 289,289
Adm 290,Usuario 290,290
Adm 291,Usuario 291,291
Adm 292,Usuario 292,292
Adm 293,Usuario 293,293
Adm 294,Usuario 294,294
Adm 295,Usuario 295,295
Adm 296,Usuario 296,296
Adm 297,Usuario 297,297
Adm 298,Usuario 298,298
Adm 299,Usuario 299,299
Adm 300,Usuario 300,300
Adm 301,Usuario 301,301
Adm 302,Usuario 302,302
Adm 303,Usuario 303,303
Adm 304,Usuario 304,304
Adm 305,Usuario 305,305
Adm 306,Usuario 306,306
Adm 307,Usuario 307,307
Adm 308,Usuario 308,308
Adm 309,Usuario 309,309
Adm 310,Usuario 310,310
Adm 311,Usuario 311,311
Adm 312,Usuario 312,312
Adm 313,Usuario 313,313
Adm 314,Usuario 314,314
Adm 315,Usuario 315,315
Adm 316,Usuario 316,316
Adm 317,Usuario 317,317
Adm 318,Usuario 318,318
Adm 319,Usuario 319,319
Adm 320,Usuario 320,320
Adm 321,Usuario 321,321
Adm 322,Usuario 322,322
Adm 323,Usuario 323,323
Adm 324,Usuario 324,324
Adm 325,Usuario 325,325
Adm 326,Usuario 326,326
Adm 327,Usuario 327,327
Adm 328,Usuario 328,328
Adm 329,Usuario 329,329
Adm 330,Usuario 330,330
Adm 331,Usuario 331,331
Adm 332,Usuario 332,332
Adm 333,Usuario 333,333
Adm 334,Usuario 334,334
Adm 335,Usuario 335,335
Adm 336,Usuario 336,336
Adm 337,Usuario 337,337
Adm 338,Usuario 338,338
Adm 339,Usuario 339,339
Adm 340,Usuario 340,340
Adm 341,Usuario 341,341
Adm 342,Usuario 342,342
Adm 343,Usuario 343,343
Adm 344,Usuario 344,344
Adm 345,Usuario 345,345
Adm 346,Usuario 346,346
Adm 347,Usuario 347,347
Adm 348,Usuario 348,348
Adm 349,Usuario 349,349
Adm 350,Usuario 350,350
Adm 351,Usuario 351,351
Adm 352,Usuario 352,352
Adm 353,Usuario 353,353
Adm 354,Usuario 354,354
Adm 355,Usuario 355,355
Adm 356,Usuario 356,356
Adm 357,Usuario 357,357
Adm 358,Usuario 358,358
Adm 359,Usuario 359,359
Adm 360,Usuario 360,360
Adm 361,Usuario 361,361
Adm 362,Usuario 362,362
Adm 363,Usuario 363,363
Adm 364,Usuario 364,364
Adm 365,Usuario 365,365
Adm 366,Usuario 366,366
Adm 367,Usuario 367,367
Adm 368,Usuario 368,368
Adm 369,Usuario 369,369
Adm 370,Usuario 370,370
Adm 371,Usuario 371,371
Adm 372,Usuario 372,372
Adm 373,Usuario 373,373
Adm 374,Usuario 374,374
Adm 375,Usuario 375,375
Adm 376,Usuario 376,376
Adm 377,Usuario 377,377
Adm 378,Usuario 378,378
Adm 379,Usuario 379,379
Adm 380,Usuario 380,380
Adm 381,Usuario 381,381
Adm 382,Usuario 382,382
Adm 383,Usuario 383,383
Adm 384,Usuario 384,384
Adm 385,Usuario 385,385
Adm 386,Usuario 386,386
Adm 387,Usuario 387,387
Adm 388,Usuario 388,388
Adm 389,Usuario 389,389
Adm 390,Usuario 390,390
Adm 391,Usuario 391,391
Adm 392,Usuario 392,392
Adm 393,Usuario 393,393
Adm 394,Usuario 394,394
Adm 395,Usuario 395,395
Adm 396,Usuario 396,396
Adm 397,Usuario 397,397
Adm 398,Usuario 398,398
Adm 399,Usuario 399,399
Adm 400,Usuario 400,400
Adm 401,Usuario 401,401
Adm 402,Usuario 402,402
Adm 403,Usuario 403,403
Adm 404,Usuario 404,404
Adm 405,Usuario 405,405
Adm 406,Usuario 406,406
Adm 407,Usuario 407,407
Adm 408,Usuario 408,408
Adm 409,Usuario 409,409
Adm 410,Usuario 410,410
Adm 411,Usuario 411,411
Adm 412,Usuario 412,412
Adm 413,Usuario 413,413
Adm 414,Usuario 414,414
Adm 415,Usuario 415,415
Adm 416,Usuario 416,416
Adm 417,Usuario 417,417
Adm 418,Usuario 418,418
Adm 419,Usuario 419,419
Adm 420,Usuario 420,420
Adm 421,Usuario 421,421
Adm 422,Usuario 422,422
Adm 423,Usuario 423,423
Adm 424,Usuario 424,424
Adm 425,Usuario 425,425
Adm 426,Usuario 426,426
Adm 427,Usuario 427,427
Adm 428,Usuario 428,428
Adm 429,Usuario 429,429
Adm 430,Usuario 430,430
Adm 431,Usuario 431,431
Adm 432,Usuario 432,432
Adm 433,Usuario 433,433
Adm 434,Usuario 434,434
Adm 435,Usuario 435,435
Adm 436,Usuario 436,436
Adm 437,Usuario 437,437
Adm 438,Usuario 438,438
Adm 439,Usuario 439,439
Adm 440,Usuario 440,440
Adm 441,Usuario 441,441
Adm 442,Usuario 442,442
Adm 443,Usuario 443,443
Adm 444,Usuario 444,444
Adm 445,Usuario 445,445
Adm 446,Usuario 446,446
Adm 447,Usuario 447,447
Adm 448,Usuario 448,448
Adm 449,Usuario 449,449
Adm 450,Usuario 450,450
Adm 451,Usuario 451,451
Adm 452,Usuario 452,452
Adm 453,Usuario 453,453
Adm 454,Usuario 454,454
Adm 455,Usuario 455,455
Adm 456,Usuario 456,456
Adm 457,Usuario 457,457
Adm 458,Usuario 458,458
Adm 459,Usuario 459,459
Adm 460,Usuario 460,460
Adm 461,Usuario 461,461
Adm 462,Usuario 462,462
Adm 463,Usuario 463,463
Adm 464,Usuario 464,464
Adm 465,Usuario 465,465
Adm 466,Usuario 466,466
Adm 467,Usuario 467,467
Adm 468,Usuario 468,468
Adm 469,Usuario 469,469
Adm 470,Usuario 470,470
Adm 471,Usuario 471,471
Adm 472,Usuario 472,472
Adm 473,Usuario 473,473
Adm 474,Usuario 474,474
Adm 475,Usuario 475,475
Adm 476,Usuario 476,476
Adm 477,Usuario 477,477
Adm 478,Usuario 478,478
Adm 479,Usuario 479,479
Adm 480,Usuario 480,480
Adm 481,Usuario 481,481
Adm 482,Usuario 482,482
Adm 483,Usuario 483,483
Adm 484,Usuario 484,484
Adm 485,Usuario 485,485
Adm 486,Usuario 486,486
Adm 487,Usuario 487,487
Adm 488,Usuario 488,488
Adm 489,Usuario 489,489
Adm 490,Usuario 490,490
Adm 491,Usuario 491,491
Adm 492,Usuario 492,492
Adm 493,Usuario 493,493
Adm 494,Usuario 494,494
Adm 495,Usuario 495,495
Adm 496,Usuario 496,496
Adm 497,Usuario 497,497
Adm 498,Usuario 498,498
Adm 499,Usuario 499,499
Adm 500,Usuario 500,500
Adm 501,Usuario 501,501
Adm 502,Usuario 502,502
Adm 503,Usuario 503,503
Adm 504,Usuario 504,504
Adm 505,Usuario 505,505
Adm 506,Usuario 506,506
Adm 507,Usuario 507,507
Adm 508,Usuario 508,508
Adm 509,Usuario 509,509
Adm 510,Usuario 510,510
Adm 511,Usuario 511,511
Adm 512,Usuario 512,512
Adm 513,Usuario 513,513
Adm 514,Usuario 514,514
Adm 515,Usuario 515,515
Adm 516,Usuario 516,516
Adm 517,Usuario 517,517
Adm 518,Usuario 518,518
Adm 519,Usuario 519,519
Adm 520,Usuario 520,520
Adm 521,Usuario 521,521
Adm 522,Usuario 522,522
Adm 523,Usuario 523,523
Adm 524,Usuario 524,524
Adm 525,Usuario 525,525
Adm 526,Usuario 526,526
Adm 527,Usuario 527,527
Adm 528,Usuario 528,528
Adm 529,Usuario 529,529
Adm 530,Usuario 530,530
Adm 531,Usuario 531,531
Adm 532,Usuario 532,532
Adm 533,Usuario 533,533
Adm 534,Usuario 534,534
Adm 535,Usuario 535,535
Adm 536,Usuario 536,536
Adm 537,Usuario 537,537
Adm 538,Usuario 538,538
Adm 539,Usuario 539,539
Adm 540,Usuario 540,540
Adm 541,Usuario 541,541
Adm 542,Usuario 542,542
Adm 543,Usuario 543,543
Adm 544,Usuario 544,544
Adm 545,Usuario 545,545
Adm 546,Usuario 546,546
Adm 547,Usuario 547,547
Adm 548,Usuario 548,548
Adm 549,Usuario 549,549
Adm 550,Usuario 550,550
Adm 551,Usuario 551,551
Adm 552,Usuario 552,552
Adm 553,Usuario 553,553
Adm 554,Usuario 554,554
Adm 555,Usuario 555,555
Adm 556,Usuario 556,556
Adm 557,Usuario 557,557
Adm 558,Usuario 558,558
Adm 559,Usuario 559,559
Adm 560,Usuario 560,560
Adm 561,Usuario 561,561
Adm 562,Usuario 562,562
Adm 563,Usuario 563,563
Adm 564,Usuario 564,564
Adm 565,Usuario 565,565
Adm 566,Usuario 566,566
Adm 567,Usuario 567,567
Adm 568,Usuario 568,568
Adm 569,Usuario 569,569
Adm 570,Usuario 570,570
Adm 571,Usuario 571,571
Adm 572,Usuario 572,572
Adm 573,Usuario 573,573
Adm 574,Usuario 574,574
Adm 575,Usuario 575,575
Adm 576,Usuario 576,576
Adm 577,Usuario 577,577
Adm 578,Usuario 578,578
Adm 579,Usuario 579,579
Adm 580,Usuario 580,580
Adm 581,Usuario 581,581
Adm 582,Usuario 582,582
Adm 583,Usuario 583,583
Adm 584,Usuario 584,584
Adm 585,Usuario 585,585
Adm 586,Usuario 586,586
Adm 587,Usuario 587,587
Adm 588,Usuario 588,588
Adm 589,Usuario 589,589
Adm 590,Usuario 590,590
Adm 591,Usuario 591,591
Adm 592,Usuario 592,592
Adm 593,Usuario 593,593
Adm 594,Usuario 594,594
Adm 595,Usuario 595,595
Adm 596,Usuario 596,596
Adm 597,Usuario 597,597
Adm 598,Usuario 598,598
Adm 599,Usuario 599,599
Adm 600,Usuario 600,600
Adm 601,Usuario 601,601
Adm 602,Usuario 602,602
Adm 603,Usuario 603,603
Adm 604,Usuario 604,604
Adm 605,Usuario 605,605
Adm 606,Usuario 606,606
Adm 607,Usuario 607,607
Adm 608,Usuario 608,608
Adm 609,Usuario 609,609
Adm 610,Usuario 610,610
Adm 611,Usuario 611,611
Adm 612,Usuario 612,612
Adm 613,Usuario 613,613
Adm 614,Usuario 614,614
Adm 615,Usuario 615,615
Adm 616,Usuario 616,616
Adm 617,Usuario 617,617
Adm 618,Usuario 618,618
Adm 619,Usuario 619,619
Adm 620,Usuario 620,620
Adm 621,Usuario 621,621
Adm 622,Usuario 622,622
Adm 623,Usuario 623,623
Adm 624,Usuario 624,624
Adm 625,Usuario 625,625
Adm 626,Usuario 626,626
Adm 627,Usuario 627,627
Adm 628,Usuario 628,628
Adm 629,Usuario 629,629
Adm 630,Usuario 630,630
Adm 631,Usuario 631,631
Adm 632,Usuario 632,632
Adm 633,Usuario 633,633
Adm 634,Usuario 634,634
Adm 635,Usuario 635,635
Adm 636,Usuario 636,636
Adm 637,Usuario 637,637
Adm 638,Usuario 638,638
Adm 639,Usuario 639,639
Adm 640,Usuario 640,640
Adm 641,Usuario 641,641
Adm 642,Usuario 642,642
Adm 643,Usuario 643,643
Adm 644,Usuario 644,644
Adm 645,Usuario 645,645
Adm 646,Usuario 646,646
Adm 647,Usuario 647,647
Adm 648,Usuario 648,648
Adm 649,Usuario 649,649
Adm 650,Usuario 650,650
Adm 651,Usuario 651,651
Adm 652,Usuario 652,652
Adm 653,Usuario 653,653
Adm 654,Usuario 654,654
Adm 655,Usuario 655,655
Adm 656,Usuario 656,656
Adm 657,Usuario 657,657
Adm 658,Usuario 658,658
Adm 659,Usuario 659,659
Adm 660,Usuario 660,660
Adm 661,Usuario 661,661
Adm 662,Usuario 662,662
Adm 663,Usuario 663,663
Adm 664,Usuario 664,664
Adm 665,Usuario 665,665
Adm 666,Usuario 666,666
Adm 667,Usuario 667,667
Adm 668,Usuario 668,668
Adm 669,Usuario 669,669
Adm 670,Usuario 670,670
Adm 671,Usuario 671,671
Adm 672,Usuario 672,672
Adm 673,Usuario 673,673
Adm 674,Usuario 674,674
Adm 675,Usuario 675,675
Adm 676,Usuario 676,676
Adm 677,Usuario 677,677
Adm 678,Usuario 678,678
Adm 679,Usuario 679,679
Adm 680,Usuario 680,680
Adm 681,Usuario 681,681
Adm 682,Usuario 682,682
Adm 683,Usuario 683,683
Adm 684,Usuario 684,684
Adm 685,Usuario 685,685
Adm 686,Usuario 686,686
Adm 687,Usuario 687,687
Adm 688,Usuario 688,688
Adm 689,Usuario 689,689
Adm 690,Usuario 690,690
Adm 691,Usuario 691,691
Adm 692,Usuario 692,692
Adm 693,Usuario 693,693
Adm 694,Usuario 694,694
Adm 695,Usuario 695,695
Adm 696,Usuario 696,696
Adm 697,Usuario 697,697
Adm 698,Usuario 698,698
Adm 699,Usuario 699,699
Adm 700,Usuario 700,700
Adm 701,Usuario 701,701
Adm 702,Usuario 702,702
Adm 703,Usuario 703,703
Adm 704,Usuario 704,704
Adm 705,Usuario 705,705
Adm 706,Usuario 706,706
Adm 707,Usuario 707,707
Adm 708,Usuario 708,708
Adm 709,Usuario 709,709
Adm 710,Usuario 710,710
Adm 711,Usuario 711,711
Adm 712,Usuario 712,712
Adm 713,Usuario 713,713
Adm 714,Usuario 714,714
Adm 715,Usuario 715,715
Adm 716,Usuario 716,716
Adm 717,Usuario 717,717
Adm 718,Usuario 718,718
Adm 719,Usuario 719,719
Adm 720,Usuario 720,720
Adm 721,Usuario 721,721
Adm 722,Usuario 722,722
Adm 723,Usuario 723,723
Adm 724,Usuario 724,724
Adm 725,Usuario 725,725
Adm 726,Usuario 726,726
Adm 727,Usuario 727,727
Adm 728,Usuario 728,728
Adm 729,Usuario 729,729
Adm 730,Usuario 730,730
Adm 731,Usuario 731,731
Adm 732,Usuario 732,732
Adm 733,Usuario 733,733
Adm 734,Usuario 734,734
Adm 735,Usuario 735,735
Adm 736,Usuario 736,736
Adm 737,Usuario 737,737
Adm 738,Usuario 738,738
Adm 739,Usuario 739,739
Adm 740,Usuario 740,740
Adm 741,Usuario 741,741
Adm 742,Usuario 742,742
Adm 743,Usuario 743,743
Adm 744,Usuario 744,744
Adm 745,Usuario 745,745
Adm 746,Usuario 746,746
Adm 747,Usuario 747,747
Adm 748,Usuario 748,748
Adm 749,Usuario 749,749
Adm 750,Usuario 750,750
Adm 751,Usuario 751,751
Adm 752,Usuario 752,752
Adm 753,Usuario 753,753
Adm 754,Usuario 754,754
Adm 755,Usuario 755,755
Adm 756,Usuario 756,756
Adm 757,Usuario 757,757
Adm 758,Usuario 758,758
Adm 759,Usuario 759,759
Adm 760,Usuario 760,760
Adm 761,Usuario 761,761
Adm 762,Usuario 762,762
Adm 763,Usuario 763,763
Adm 764,Usuario 764,764
Adm 765,Usuario 765,765
Adm 766,Usuario 766,766
Adm 767,Usuario 767,767
Adm 768,Usuario 768,768
Adm 769,Usuario 769,769
Adm 770,Usuario 770,770
Adm 771,Usuario 771,771
Adm 772,Usuario 772,772
Adm 773,Usuario 773,773
Adm 774,Usuario 774,774
Adm 775,Usuario 775,775
Adm 776,Usuario 776,776
Adm 777,Usuario 777,777
Adm 778,Usuario 778,778
Adm 779,Usuario 779,779
Adm 780,Usuario 780,780
Adm 781,Usuario 781,781
Adm 782,Usuario 782,782
Adm 783,Usuario 783,783
Adm 784,Usuario 784,784
Adm 785,Usuario 785,785
Adm 786,Usuario 786,786
Adm 787,Usuario 787,787
Adm 788,Usuario 788,788
Adm 789,Usuario 789,789
Adm 790,Usuario 790,790
Adm 791,Usuario 791,791
Adm 792,Usuario 792,792
Adm 793,Usuario 793,793
Adm 794,Usuario 794,794
Adm 795,Usuario 795,795
Adm 796,Usuario 796,796
Adm 797,Usuario 797,797
Adm 798,Usuario 798,798
Adm 799,Usuario 799,799
Adm 800,Usuario 800,800
Adm 801,Usuario 801,801
Adm 802,Usuario 802,802
Adm 803,Usuario 803,803
Adm 804,Usuario 804,804
Adm 805,Usuario 805,805
Adm 806,Usuario 806,806
Adm 807,Usuario 807,807
Adm 808,Usuario 808,808
Adm 809,Usuario 809,809
Adm 810,Usuario 810,810
Adm 811,Usuario 811,811
Adm 812,Usuario 812,812
Adm 813,Usuario 813,813
Adm 814,Usuario 814,814
Adm 815,Usuario 815,815
Adm 816,Usuario 816,816
Adm 817,Usuario 817,817
Adm 818,Usuario 818,818
Adm 819,Usuario 819,819
Adm 820,Usuario 820,820
Adm 821,Usuario 821,821
Adm 822,Usuario 822,822
Adm 823,Usuario 823,823
Adm 824,Usuario 824,824
Adm 825,Usuario 825,825
Adm 826,Usuario 826,826
Adm 827,Usuario 827,827
Adm 828,Usuario 828,828
Adm 829,Usuario 829,829
Adm 830,Usuario 830,830
Adm 831,Usuario 831,831
Adm 832,Usuario 832,832
Adm 833,Usuario 833,833
Adm 834,Usuario 834,834
Adm 835,Usuario 835,835
Adm 836,Usuario 836,836
Adm 837,Usuario 837,837
Adm 838,Usuario 838,838
Adm 839,Usuario 839,839
Adm 840,Usuario 840,840
Adm 841,Usuario 841,841
Adm 842,Usuario 842,842
Adm 843,Usuario 843,843
Adm 844,Usuario 844,844
Adm 845,Usuario 845,845
Adm 846,Usuario 846,846
Adm 847,Usuario 847,847
Adm 848,Usuario 848,848
Adm 849,Usuario 849,849
Adm 850,Usuario 850,850
Adm 851,Usuario 851,851
Adm 852,Usuario 852,852
Adm 853,Usuario 853,853
Adm 854,Usuario 854,854
Adm 855,Usuario 855,855
Adm 856,Usuario 856,856
Adm 857,Usuario 857,857
Adm 858,Usuario 858,858
Adm 859,Usuario 859,859
Adm 860,Usuario 860,860
Adm 861,Usuario 861,861
Adm 862,Usuario 862,862
Adm 863,Usuario 863,863
Adm 864,Usuario 864,864
Adm 865,Usuario 865,865
Adm 866,Usuario 866,866
Adm 867,Usuario 867,867
Adm 868,Usuario 868,868
Adm 869,Usuario 869,869
Adm 870,Usuario 870,870
Adm 871,Usuario 871,871
Adm 872,Usuario 872,872
Adm 873,Usuario 873,873
Adm 874,Usuario 874,874
Adm 875,Usuario 875,875
Adm 876,Usuario 876,876
Adm 877,Usuario 877,877
Adm 878,Usuario 878,878
Adm 879,Usuario 879,879
Adm 880,Usuario 880,880
Adm 881,Usuario 881,881
Adm 882,Usuario 882,882
Adm 883,Usuario 883,883
Adm 884,Usuario 884,884
Adm 885,Usuario 885,885
Adm 886,Usuario 886,886
Adm 887,Usuario 887,887
Adm 888,Usuario 888,888
Adm 889,Usuario 889,889
Adm 890,Usuario 890,890
Adm 891,Usuario 891,891
Adm 892,Usuario 892,892
Adm 893,Usuario 893,893
Adm 894,Usuario 894,894
Adm 895,Usuario 895,895
Adm 896,Usuario 896,896
Adm 897,Usuario 897,897
Adm 898,Usuario 898,898
Adm 899,Usuario 899,899
Adm 900,Usuario 900,900
Adm 901,Usuario 901,901
Adm 902,Usuario 902,902
Adm 903,Usuario 903,903
Adm 904,Usuario 904,904
Adm 905,Usuario 905,905
Adm 906,Usuario 906,906
Adm 907,Usuario 907,907
Adm 908,Usuario 908,908
Adm 909,Usuario 909,909
Adm 910,Usuario 910,910
Adm 911,Usuario 911,911
Adm 912,Usuario 912,912
Adm 913,Usuario 913,913
Adm 914,Usuario 914,914
Adm 915,Usuario 915,915
Adm 916,Usuario 916,916
Adm 917,Usuario 917,917
Adm 918,Usuario 918,918
Adm 919,Usuario 919,919
Adm 920,Usuario 920,920
Adm 921,Usuario 921,921
Adm 922,Usuario 922,922
Adm 923,Usuario 923,923
Adm 924,Usuario 924,924
Adm 925,Usuario 925,925
Adm 926,Usuario 926,926
Adm 927,Usuario 927,927
Adm 928,Usuario 928,928
Adm 929,Usuario 929,929
Adm 930,Usuario 930,930
Adm 931,Usuario 931,931
Adm 932,Usuario 932,932
Adm 933,Usuario 933,933
Adm 934,Usuario 934,934
Adm 935,Usuario 935,935
Adm 936,Usuario 936,936
Adm 937,Usuario 937,937
Adm 938,Usuario 938,938
Adm 939,Usuario 939,939
Adm 940,Usuario 940,940
Adm 941,Usuario 941,941
Adm 942,Usuario 942,942
Adm 943,Usuario 943,943
Adm 944,Usuario 944,944
Adm 945,Usuario 945,945
Adm 946,Usuario 946,946
Adm 947,Usuario 947,947
Adm 948,Usuario 948,948
Adm 949,Usuario 949,949
Adm 950,Usuario 950,950
Adm 951,Usuario 951,951
Adm 952,Usuario 952,952
Adm 953,Usuario 953,953
Adm 954,Usuario 954,954
Adm 955,Usuario 955,955
Adm 956,Usuario 956,956
Adm 957,Usuario 957,957
Adm 958,Usuario 958,958
Adm 959,Usuario 959,959
Adm 960,Usuario 960,960
Adm 961,Usuario 961,961
Adm 962,Usuario 962,962
Adm 963,Usuario 963,963
Adm 964,Usuario 964,964
Adm 965,Usuario 965,965
Adm 966,Usuario 966,966
Adm 967,Usuario 967,967
Adm 968,Usuario 968,968
Adm 969,Usuario 969,969
Adm 970,Usuario 970,970
Adm 971,Usuario 971,971
Adm 972,Usuario 972,972
Adm 973,Usuario 973,973
Adm 974,Usuario 974,974
Adm 975,Usuario 975,975
Adm 976,Usuario 976,976
Adm 977,Usuario 977,977
Adm 978,Usuario 978,978
Adm 979,Usuario 979,979
Adm 980,Usuario 980,980
Adm 981,Usuario 981,981
Adm 982,Usuario 982,982
Adm 983,Usuario 983,983
Adm 984,Usuario 984,984
Adm 985,Usuario 985,985
Adm 986,Usuario 986,986
Adm 987,Usuario 987,987
Adm 988,Usuario 988,988
Adm 989,Usuario 989,989
Adm 990,Usuario 990,990
Adm 991,Usuario 991,991
Adm 992,Usuario 992,992
Adm 993,Usuario 993,993
Adm 994,Usuario 994,994
Adm 995,Usuario 995,995
Adm 996,Usuario 996,996
Adm 997,Usuario 997,997
Adm 998,Usuario 998,998
Adm 999,Usuario 999,999
Adm 1000,Usuario 1000,1000
